antecedents,consequents,antecedent support,consequent support,support,confidence,lift,representativity,leverage,conviction,zhangs_metric,jaccard,certainty,kulczynski
frozenset({'ALARM CLOCK BAKELIKE GREEN'}),frozenset({'ALARM CLOCK BAKELIKE RED '}),0.04257500539607166,0.047323548456723506,0.028599179797107705,0.6717363751584283,14.194547895594063,1.0,0.026584379466201444,2.9021688041221814,0.9708858874985511,0.4665492957746479,0.6554301050374395,0.6380346642040716
frozenset({'ALARM CLOCK BAKELIKE RED '}),frozenset({'ALARM CLOCK BAKELIKE GREEN'}),0.047323548456723506,0.04257500539607166,0.028599179797107705,0.6043329532497149,14.194547895594065,1.0,0.026584379466201444,2.419774409993214,0.9757251941029053,0.4665492957746479,0.5867383356604698,0.6380346642040716
frozenset({'ALARM CLOCK BAKELIKE PINK'}),frozenset({'ALARM CLOCK BAKELIKE RED '}),0.03307791927476797,0.047323548456723506,0.021368443772933305,0.6460032626427407,13.650778179356065,1.0,0.019803079257286235,2.691201220258196,0.9584475538351314,0.36197440585009133,0.628418717830375,0.5487713006486223
frozenset({'DOLLY GIRL LUNCH BOX'}),frozenset({'SPACEBOY LUNCH BOX '}),0.03323980142456292,0.037988344485214764,0.022879343837686163,0.6883116883116883,18.119023022432113,1.0,0.021616618810549736,3.0864540614432694,0.9772944601010165,0.47321428571428564,0.6760036015140345,0.6452922077922078
frozenset({'SPACEBOY LUNCH BOX '}),frozenset({'DOLLY GIRL LUNCH BOX'}),0.037988344485214764,0.03323980142456292,0.022879343837686163,0.6022727272727272,18.11902302243211,1.0,0.021616618810549736,2.430711356418241,0.9821184399354842,0.47321428571428564,0.5885977998335666,0.6452922077922078
frozenset({'GARDENERS KNEELING PAD CUP OF TEA '}),frozenset({'GARDENERS KNEELING PAD KEEP CALM '}),0.03426505503993093,0.04079430174832722,0.024983811785020505,0.7291338582677166,17.87342415531392,1.0,0.02358599279029852,3.5412535952896067,0.9775467032313897,0.4989224137931034,0.7176141236170862,0.6707838603507895
frozenset({'GARDENERS KNEELING PAD KEEP CALM '}),frozenset({'GARDENERS KNEELING PAD CUP OF TEA '}),0.04079430174832722,0.03426505503993093,0.024983811785020505,0.6124338624338624,17.87342415531392,1.0,0.02358599279029852,2.4917939194191545,0.984200795889524,0.4989224137931034,0.5986827031694887,0.6707838603507895
frozenset({'GREEN REGENCY TEACUP AND SAUCER'}),frozenset({'PINK REGENCY TEACUP AND SAUCER'}),0.03728685516943665,0.03000215842866393,0.024821929635225556,0.6657018813314037,22.188466303657506,1.0,0.02370324349912547,2.9015952750034337,0.9919170060169175,0.5844980940279544,0.6553619973761445,0.7465200054139034
frozenset({'PINK REGENCY TEACUP AND SAUCER'}),frozenset({'GREEN REGENCY TEACUP AND SAUCER'}),0.03000215842866393,0.03728685516943665,0.024821929635225556,0.827338129496403,22.18846630365751,1.0,0.02370324349912547,5.575713630477015,0.9844676960585128,0.5844980940279544,0.8206507603737089,0.7465200054139034
frozenset({'GREEN REGENCY TEACUP AND SAUCER'}),frozenset({'REGENCY CAKESTAND 3 TIER'}),0.03728685516943665,0.09189510036693287,0.020181308007770342,0.5412445730824891,5.889808824641626,1.0,0.01675482870960767,1.9794968001465278,0.862370277918404,0.18514851485148515,0.4948211081089005,0.38042851085128565
frozenset({'GREEN REGENCY TEACUP AND SAUCER'}),frozenset({'ROSES REGENCY TEACUP AND SAUCER '}),0.03728685516943665,0.04225124109648176,0.029192747679689185,0.7829232995658465,18.530184658434568,1.0,0.02761733177219572,4.412029282682205,0.9826748519293604,0.5798499464094319,0.7733469258862057,0.7369278055939066
frozenset({'ROSES REGENCY TEACUP AND SAUCER '}),frozenset({'GREEN REGENCY TEACUP AND SAUCER'}),0.04225124109648176,0.03728685516943665,0.029192747679689185,0.6909323116219668,18.530184658434568,1.0,0.02761733177219572,3.1148941834807067,0.9877684395330282,0.5798499464094319,0.6789618070163269,0.7369278055939066
frozenset({'HEART OF WICKER LARGE'}),frozenset({'HEART OF WICKER SMALL'}),0.04322253399525146,0.05185624865098209,0.021962011655514785,0.5081148564294632,9.798527075287005,1.0,0.019720653185331498,1.9275714335801102,0.9385085630644255,0.3003690036900369,0.48121248189350696,0.46581601302222375
frozenset({'JUMBO BAG PINK POLKADOT'}),frozenset({'JUMBO BAG RED RETROSPOT'}),0.04699978415713361,0.08633714655730629,0.02946255126268077,0.6268656716417911,7.260671641791045,1.0,0.025404724009744563,2.4486164472264194,0.9047969564361614,0.28363636363636363,0.5916061083667418,0.48405783582089557
frozenset({'JUMBO BAG STRAWBERRY'}),frozenset({'JUMBO BAG RED RETROSPOT'}),0.03529030865529894,0.08633714655730629,0.022339736671703,0.6330275229357799,7.33204128440367,1.0,0.019292872121277883,2.489731275631341,0.8952043723076375,0.22499999999999998,0.5983502276781167,0.4458887614678899
frozenset({'JUMBO SHOPPER VINTAGE RED PAISLEY'}),frozenset({'JUMBO BAG RED RETROSPOT'}),0.042628966112669975,0.08633714655730629,0.021368443772933305,0.5012658227848101,5.805911392405063,1.0,0.017687980478077275,1.8319635893901727,0.8646195923842187,0.19859578736208625,0.4541376227172278,0.3743829113924051
frozenset({'JUMBO STORAGE BAG SUKI'}),frozenset({'JUMBO BAG RED RETROSPOT'}),0.041765594647096914,0.08633714655730629,0.02341895100366933,0.5607235142118863,6.494580103359172,1.0,0.019813028737569877,2.079926613425426,0.8829003141571036,0.22371134020618555,0.5192138061289083,0.41598675710594313
frozenset({'LUNCH BAG PINK POLKADOT'}),frozenset({'LUNCH BAG RED RETROSPOT'}),0.050237427153032595,0.06950140297863155,0.028221454780919492,0.5617615467239527,8.082736788733147,1.0,0.024729883111746925,2.1232700829090536,0.9226300913069535,0.308372641509434,0.5290283567552941,0.4839087236725354
frozenset({'LUNCH BAG SUKI DESIGN '}),frozenset({'LUNCH BAG RED RETROSPOT'}),0.048510684221886466,0.06950140297863155,0.02428232246924239,0.5005561735261401,7.202101714119898,1.0,0.020910761856367914,1.8630695739915593,0.9050565543141962,0.25906735751295334,0.4632513922399924,0.42496752775685886
frozenset({'LUNCH BAG WOODLAND'}),frozenset({'LUNCH BAG RED RETROSPOT'}),0.04424778761061947,0.06950140297863155,0.02336499028707101,0.5280487804878049,7.597670807453417,1.0,0.02028970696943245,1.9715990944638815,0.9085835257890685,0.25850746268656716,0.4927974947807934,0.43211445235570367
frozenset({'PAPER CHAIN KIT VINTAGE CHRISTMAS'}),"frozenset({""PAPER CHAIN KIT 50'S CHRISTMAS ""})",0.03761061946902655,0.0528815022663501,0.024336283185840708,0.6470588235294117,12.236014405762303,1.0,0.02234737712715055,2.6835024102453406,0.9541606137064504,0.36786296900489385,0.6273526730655798,0.5536314525810324
frozenset({'PINK REGENCY TEACUP AND SAUCER'}),frozenset({'ROSES REGENCY TEACUP AND SAUCER '}),0.03000215842866393,0.04225124109648176,0.02352687243686596,0.7841726618705036,18.55975449525437,1.0,0.022259244007681638,4.437569249586302,0.9753835899445947,0.4828349944629014,0.774651404010602,0.6705026783171164
frozenset({'ROSES REGENCY TEACUP AND SAUCER '}),frozenset({'PINK REGENCY TEACUP AND SAUCER'}),0.04225124109648176,0.03000215842866393,0.02352687243686596,0.5568326947637292,18.55975449525437,1.0,0.022259244007681638,2.1887847549001616,0.9878582124538866,0.4828349944629014,0.5431254728171689,0.6705026783171164
frozenset({'RED HANGING HEART T-LIGHT HOLDER'}),frozenset({'WHITE HANGING HEART T-LIGHT HOLDER'}),0.036639326570256855,0.10635657241528168,0.024552126052233975,0.6701030927835051,6.300532986029384,1.0,0.020655292862617296,2.708856639866177,0.8732796470319575,0.20728929384965827,0.6308405600787342,0.4504751892126556
frozenset({'ROSES REGENCY TEACUP AND SAUCER '}),frozenset({'REGENCY CAKESTAND 3 TIER'}),0.04225124109648176,0.09189510036693287,0.0226635009712929,0.5363984674329502,5.837073633862262,1.0,0.01878081893010423,1.9588047835060374,0.8652386854792624,0.20329138431752178,0.4894846038663873,0.3915110364175908
frozenset({'WOODEN PICTURE FRAME WHITE FINISH'}),frozenset({'WOODEN FRAME ANTIQUE WHITE '}),0.04726958774012519,0.04376214116123462,0.025253615368012086,0.5342465753424657,12.207962434336096,1.0,0.02318499699669536,2.053098932212643,0.9636369709432692,0.38392124692370794,0.5129314109952359,0.555655963380234
frozenset({'WOODEN FRAME ANTIQUE WHITE '}),frozenset({'WOODEN PICTURE FRAME WHITE FINISH'}),0.04376214116123462,0.04726958774012519,0.025253615368012086,0.5770653514180024,12.207962434336096,1.0,0.02318499699669536,2.2526657852558554,0.9601023846833903,0.38392124692370794,0.556081507276757,0.555655963380234
"frozenset({'GREEN REGENCY TEACUP AND SAUCER', 'PINK REGENCY TEACUP AND SAUCER'})",frozenset({'ROSES REGENCY TEACUP AND SAUCER '}),0.024821929635225556,0.04225124109648176,0.021044679473343406,0.8478260869565217,20.06630018324171,1.0,0.019995922139845586,6.293777558508834,0.9743504614022542,0.4572098475967174,0.8411129102190693,0.6729551890721306
"frozenset({'GREEN REGENCY TEACUP AND SAUCER', 'ROSES REGENCY TEACUP AND SAUCER '})",frozenset({'PINK REGENCY TEACUP AND SAUCER'}),0.029192747679689185,0.03000215842866393,0.021044679473343406,0.7208872458410351,24.027846114974935,1.0,0.02016883403248936,3.47529028006684,0.9872007228685566,0.5516265912305517,0.7122542523323355,0.7111630473809493
"frozenset({'ROSES REGENCY TEACUP AND SAUCER ', 'PINK REGENCY TEACUP AND SAUCER'})",frozenset({'GREEN REGENCY TEACUP AND SAUCER'}),0.02352687243686596,0.03728685516943665,0.021044679473343406,0.8944954128440368,23.989564386144266,1.0,0.020167436388200174,9.124846329263606,0.9814045886327052,0.5291723202170963,0.8904091133246841,0.7294474169864178
frozenset({'GREEN REGENCY TEACUP AND SAUCER'}),"frozenset({'ROSES REGENCY TEACUP AND SAUCER ', 'PINK REGENCY TEACUP AND SAUCER'})",0.03728685516943665,0.02352687243686596,0.021044679473343406,0.5643994211287988,23.989564386144266,1.0,0.020167436388200174,2.2416708675951016,0.9954317266911852,0.5291723202170963,0.5539041817174458,0.7294474169864178
frozenset({'PINK REGENCY TEACUP AND SAUCER'}),"frozenset({'GREEN REGENCY TEACUP AND SAUCER', 'ROSES REGENCY TEACUP AND SAUCER '})",0.03000215842866393,0.029192747679689185,0.021044679473343406,0.7014388489208634,24.02784611497494,1.0,0.02016883403248936,3.251619471627066,0.9880244884917782,0.5516265912305517,0.6924609387027647,0.7111630473809493
